{"cameraMode":{"drawMode":0,"name":"Shaded","section":"Shading Mode"},"sceneLighting":true,"audioPlay":false,"sceneViewState":{"m_AlwaysRefresh":false,"showFog":true,"showSkybox":true,"showFlares":true,"showImageEffects":true,"showParticleSystems":true,"showVisualEffectGraphs":true,"m_FxEnabled":true},"in2DMode":false,"pivot":{"x":50.45661544799805,"y":10.557821273803711,"z":43.226436614990237},"rotation":{"x":-0.4066934585571289,"y":0.00409306213259697,"z":-0.001793497009202838,"w":-0.9136260151863098},"size":2.3543286323547365,"orthographic":false}